{"cameraMode":{"drawMode":0,"name":"Shaded","section":"Shading Mode"},"sceneLighting":false,"audioPlay":false,"sceneViewState":{"m_AlwaysRefresh":false,"showFog":true,"showSkybox":false,"showFlares":true,"showImageEffects":true,"showParticleSystems":true,"showVisualEffectGraphs":true,"m_FxEnabled":true},"in2DMode":false,"pivot":{"x":-0.558021068572998,"y":-0.8027074933052063,"z":0.9757782220840454},"rotation":{"x":0.3375701308250427,"y":0.01835242472589016,"z":-0.0065920124761760239,"w":0.941108763217926},"size":3.3073947429656984,"orthographic":false}